﻿{"cameraMode":{"drawMode":0,"name":"Shaded","section":"Shading Mode"},"sceneLighting":false,"audioPlay":false,"sceneViewState":{"showFog":false,"showMaterialUpdate":false,"showSkybox":false,"showFlares":false,"showImageEffects":false,"showParticleSystems":false},"in2DMode":false,"pivot":{"x":-43.34000015258789,"y":1.25,"z":-22.559999465942384},"rotation":{"x":0.7017844319343567,"y":0.0007122558308765292,"z":-0.0007018394535407424,"w":0.7123886942863464},"size":5.7157673835754398,"orthographic":false}